,KKR,MI,CSK,RR,DC,RCB,GT,SRH,LSG,PBKS
PLAYOFFS,100.0,0.0,68.0338363054416,99.91998171010519,4.4810242341106585,8.260173754000837,1.4288980338363046,89.83539094650216,28.040695016003525,0.0
QUALIFIER 1,99.45130315500685,0.0,0.9945130315500696,86.6826703246456,0.0,0.0,0.0,12.56287151348881,0.3086419753086419,0.0
ELIMINATOR,0.5486968449931409,0.0,67.03932327389155,13.237311385459513,4.4810242341106585,8.260173754000837,1.4288980338363046,77.27251943301343,27.732053040694883,0.0
