,KKR,MI,CSK,RR,DC,RCB,GT,SRH,LSG,PBKS
PLAYOFFS,100.0,0.0,58.66559975613483,99.8399634202103,26.084438347812892,2.7533912513336123,0.9472641365645521,85.62490474013023,26.084438347812906,0.0
QUALIFIER 1,99.45130315500678,0.0,0.9602194787379991,86.46547782350278,0.30864197530864235,0.0,0.0,12.505715592135354,0.30864197530864235,0.0
ELIMINATOR,0.5486968449931404,0.0,57.705380277396806,13.374485596707805,25.77579637250411,2.7533912513336123,0.9472641365645521,73.11918914799493,25.775796372504242,0.0
