,KKR,MI,CSK,RR,DC,RCB,GT,SRH,LSG,PBKS
PLAYOFFS,100.0,0.0,76.26886145404664,100.0,17.695473251028808,0.0,0.0,89.7119341563786,16.323731138545952,0.0
QUALIFIER 1,100.0,0.0,2.4691358024691357,80.24691358024691,0.0,0.0,0.0,17.28395061728395,0.0,0.0
ELIMINATOR,0.0,0.0,73.7997256515775,19.753086419753085,17.695473251028808,0.0,0.0,72.42798353909465,16.323731138545952,0.0
