,KKR,MI,CSK,RR,DC,RCB,GT,SRH,LSG,PBKS
PLAYOFFS,100.0,0.0,44.947416552354824,100.0,30.864197530864196,4.938271604938271,0.04572473708276177,93.55281207133059,25.651577503429355,0.0
QUALIFIER 1,97.57658893461362,0.0,0.823045267489712,96.70781893004116,0.0,0.0,0.0,4.8925468678555095,0.0,0.0
ELIMINATOR,2.423411065386374,0.0,44.12437128486511,3.292181069958848,30.864197530864196,4.938271604938271,0.04572473708276177,88.66026520347508,25.651577503429355,0.0
